IP; Porta
01111111.00000000.00000000.00000001; 8080
1010; 4000
